№ участка;Адрес;Удаленность от м. Купчино, км;Статус сайта;Статус геокодирования
1;187650, Ленинградской область, г. Бокситогорск, ул. Воронина, д. 2;220.0;ok;fail:empty/empty|manual
2;187600, Ленинградская область, г. Пикалево, ул. Школьная, д. 67;208.5;ok;fail:empty/empty|fallback_locality
3;187600, Ленинградская область, г. Пикалево, ул. Школьная, д. 67;208.5;ok;fail:empty/empty|fallback_locality
4;188410, Ленинградская область, г. Волосово, ул. Усадьба СХТ д. 1;66.0;ok;fallback:ok
5;188410, Ленинградская область, г. Волосово, ул. Усадьба СХТ, д. 1;66.0;ok;fallback:ok
6;188410, Ленинградская область, г. Волосово, ул. Усадьба СХТ, д. 1;66.0;ok;fallback:ok
7;187406, Ленинградская область, г. Волхов, Волховский пр. , д. 39;108.0;ok;fail:empty/empty|fallback_locality
8;187401, Ленинградская область, г. Волхов, ул. Коммунаров, д. 26;108.0;ok;fail:empty/empty|fallback_locality
9;187450, Ленинградская область, Волховский район, г. Новая Ладога, пр. Карла Маркса, д. 28/1;111.4;ok;fallback:ok
10;187420, Ленинградская область, г. Сясьстрой, ул. Советская, д. 15А;125.5;ok;fail:empty/empty|fallback_locality
11;;;HTTP 404;
12;188640, Ленинградская область, г. Всеволожск, Колтушское шоссе, д.103;26.5;ok;ok
13;188640, Ленинградская обл., г. Всеволожск, Колтушское ш., д. 103;26.5;ok;ok
14;188693, Ленинградская область, Всеволожский район, г. Кудрово, проспект Строителей, д. 25, стр. 2;10.9;ok;fallback:ok
15;188693, Ленинградская область, Всеволожский район, г. Кудрово , пр. Строителей, д. 25, стр. 2.;10.9;ok;fallback:ok
16;188663, Ленинградская область, п. Кузьмоловский, ул. Железнодорожная, д. 26;32.3;ok;fail:empty/empty|fallback_locality
17;188664, Ленинградская область, Всеволожский р-н, гп. Токсово, ул. Привокзальная, д. 16 А;36.7;ok;fallback:ok
18;188650, Ленинградская область, г. Сертолово, ул. Индустриальная, д. 5, к. 1;38.4;ok;fallback:ok
19;188650, Ленинградская область, г. Сертолово, ул. Ларина, д. 4;38.4;ok;fallback:ok
20;188801, Ленинградская область, г. Выборг, ул. Титова, д. 2;133.6;ok;ok
21;188801, Ленинградская область, г. Выборг, ул. Титова, д. 2;133.6;ok;ok
22;188801, Ленинградская область, г. Выборг, ул. Титова, д. 2;133.6;ok;ok
23;188801, Ленинградская область, г. Выборг, ул. Титова, д. 2;133.6;ok;ok
24;188820, Ленинградская область, Выборгский район, пгт. Рощино, ул. Садовая д. 22;64.2;ok;fallback:ok
25;188820, Ленинградская обл., Выборгский р-н, п. Рощино, ул. Садовая, д. 22;64.2;ok;fallback:ok
26;188990, Ленинградская область, Выборгский район, г. Светогорск ул. Ленина д.1;165.2;ok;fallback:ok
27;188918, Ленинградская область, п. Советский, ул. Советская, д. 22;29.6;ok;fail:empty/empty|fallback_locality
28;188304, Ленинградская область, г. Гатчина, ул. Урицкого, д. 2;32.5;ok;fallback:ok
29;188304, Ленинградская область, г. Гатчина, ул. Урицкого, д. 2;32.5;ok;fallback:ok
30;188304, Ленинградская область, г. Гатчина, ул. Урицкого, д. 2;32.5;ok;fallback:ok
31;188304, Ленинградская область, г. Гатчина, ул. Урицкого, д. 2 А;32.5;ok;fallback:ok
32;188304, Ленинградская область, г. Гатчина, ул. Урицкого, д. 2;32.5;ok;fallback:ok
33;188360, Ленинградская область, п. Войсковицы, ул. Молодежная, д. 1;43.9;ok;fail:empty/empty|fallback_locality
34;188304, Ленинградская область, Гатчинский район, г. Гатчина, ул. Урицкого, д. 2 А;33.1;ok;fallback:ok
35;188304, Ленинградская область, г. Гатчина, ул. Урицкого, д. 2 А;32.5;ok;fallback:ok
36;188380, Ленинградская область, п. Вырица, Коммунальный пр. , д. 14;45.9;ok;fallback:ok
37;188320, Ленинградская область, г. Коммунар, ул. Строителей, д. 5 (здание Полиции);23.4;ok;fallback:ok
38;188480, Ленинградская область, г. Кингисепп, ул. Карла Маркса, д. 63;111.9;ok;fail:empty/empty|fallback_locality
39;188480, Ленинградская область, г. Кингисепп, ул. Карла Маркса, д. 63;111.9;ok;fail:empty/empty|fallback_locality
40;188490, Ленинградская область, г. Ивангород, ул. Гагарина, д. 40 А;132.4;ok;fail:empty/empty|fallback_locality
41;187110, Ленинградская область, г. Кириши, ул. Ленинградская, д. 6 (левое крыло, 2-й этаж);102.6;ok;fallback:ok
42;187110, Ленинградская область г. Кириши ул.Ленинградская д. 6 левое крыло 2-й этаж;102.6;ok;fail:empty/empty|manual
43;187110, Ленинградская область, г. Кириши, ул. Ленинградская, д. 6 (левое крыло, 2-й этаж).;102.6;ok;fallback:ok
44;187342, Ленинградская область, г. Кировск, ул. Магистральная, д. 48 Б;838.3;ok;fail:empty/empty|fallback_locality
45;187342, Ленинградская область, г. Кировск, ул. Набережная, д. 29 А;838.3;ok;fail:empty/empty|fallback_locality
46;187330, Ленинградская область, г. Отрадное, ул. Заводская, д. 11;24.3;ok;fallback:ok
47;187322, Ленинградская область, пгт. Синявино-1, ул. Лесная, д. 18 Б, 2-ой этаж;25.4;ok;fail:empty/empty|fallback_locality
48;187700, Ленинградская область, Лодейнопольский район, г. Лодейное Поле, ул. Гагарина, д. 20;189.3;ok;fallback:ok
49;187700, Ленинградская область, Лодейнопольский район, г. Лодейное Поле, ул. Гагарина, д. 20;189.3;ok;fallback:ok
50;188516, Ленинградская область, с. Русско-Высоцкое, д. 3 (здание Администрации сельского поселения);29.2;ok;fallback:ok
51;188502, Ленинградская область, д. Горбунки, д. 29;22.4;ok;fallback:ok
52;188520, Ленинградская область, д. Гостилицы, ул. Центральная, д. 1;46.3;ok;fail:empty/empty|fallback_locality
53;188230, Ленинградскаяобласть, г. Луга, ул. Урицкого, д. 77 А;124.7;ok;fail:empty/empty|fallback_locality
54;188230, Ленинградскаяобласть, г. Луга, ул. Урицкого, д. 77 А;124.7;ok;fail:empty/empty|fallback_locality
55;188230, Ленинградскаяобласть, г. Луга, ул. Урицкого, д. 77 А;124.7;ok;fail:empty/empty|fallback_locality
56;187780, Ленинградская область, г. Подпорожье, ул. Свирская, д.54А, к.2;247.3;ok;fail:empty/empty|fallback_locality
57;187780, Ленинградская область, г. Подпорожье, ул. Свирская, д.54а, корп.2;247.3;ok;fail:empty/empty|fallback_locality
58;188760, Ленинградская область, г. Приозерск, ул. Красноармейская, д. 10;135.1;ok;fail:empty/empty|fallback_locality
59;188760, Ленинградская область, г. Приозерск, ул. Красноармейская, д. 10;135.1;ok;fail:empty/empty|fallback_locality
60;188730, Ленинградская область, Приозерский район, п. Сосново, ул. Механизаторов, д.11;81.4;ok;fallback:ok
61;188560, Ленинградская область, г. Сланцы, ул. Чкалова, д. 9;151.8;ok;fail:empty/empty|fallback_locality
62;188560, Ленинградская область, г. Сланцы улица Чкалова д. 9;151.8;ok;fail:empty/empty|fallback_locality
63;188544, Ленинградская область, г. Сосновый Бор, ул. Молодежная, д. 6/1;70.1;ok;fallback:ok
64;188544, Ленинградская область, гор. Сосновый Бор, ул. Молодежная, д. 6/1;73.1;ok;fail:empty/empty|fallback_locality
65;188544, Ленинградская область, г. Сосновый Бор, ул. Молодежная, д. 6/1, 2 этаж;70.1;ok;fallback:ok
66;187553, Ленинградская область, г. Тихвин, ул. Борисова, д. 2;177.3;ok;fail:empty/empty|fallback_locality
67;187553, Ленинградская область, г. Тихвин, ул. Борисова. д. 2;177.3;ok;fail:empty/empty|fallback_locality
68;187553, Ленинградская область, г. Тихвин, ул. Борисова, д. 2;177.3;ok;fail:empty/empty|fallback_locality
69;188678, Ленинградская область, Всеволожский район, г. Мурино, ул. Парковая, д. 1, лит. А, корп. 3;25.8;ok;fallback:ok
70;187051, Ленинградская область, г. Любань, пр. Мельникова, д. 15;72.2;ok;fallback:ok
71;187015, Ленинградская область, п. Красный бор, ул. Комсомольская, д. 10;256.8;ok;fail:empty/empty|fallback_locality
72;187026, Ленинградская область, г. Никольское, ул. Комсомольская, д. 12 А;26.9;ok;fallback:ok
73;187032, Ленинградская обл., Тосненский р-н., п. Тельмана д.9;18.1;ok;ok
74;187000, Ленинградская область, г. Тосно, ул. Ленина, д. 19;45.0;ok;fallback:ok
75;187000, Ленинградская область, г. Тосно, ул. Ленина, д. 19;45.0;ok;fallback:ok
76;188641, Ленинградская область, г. Всеволожск, ул. Приютинская, д. 13;23.3;ok;ok
77;188800, Ленинградская область, г. Выборг, ул. Титова, д. 2;133.6;ok;ok
78;188304, Ленинградская область, г. Гатчина, ул. Урицкого, д. 2;32.5;ok;fallback:ok
79;188480, Ленинградская область, г. Кингисепп, ул. Карла Маркса, д. 63;111.9;ok;fail:empty/empty|fallback_locality
80;187342, Ленинградская область, г. Кировск, ул. Магистральная, д. 48 Б;838.3;ok;fail:empty/empty|fallback_locality
81;188230, Ленинградская область, г. Луга, пр. Урицкого, д. 77 А;124.7;ok;fallback:ok
82;188640, Ленинградская обл., г. Всеволожск, Колтушское ш., д. 103;26.5;ok;ok
83;188671, Ленинградская область, Всеволожский р-н, пос. Рахья, Ленинградское шос. , д. 23;38.6;ok;fallback:ok
84;188678, Ленинградская область, Всеволожский р-н, г. Мурино, ул. Парковая д. 1 лит. А корп. 3;25.6;ok;fallback:ok
85;198412, г. Санкт-Петербург, г. Ломоносов, Ораниенбаумский проспект, д. 39;21.3;ok;fail:empty/empty|fallback_locality
86;188693, Ленинградская область, Всеволожский район, город Кудрово , проспект Строителей, д. 25, стр. 2;10.9;ok;fallback:ok
87;188678, Ленинградская область, Всеволожский район, г. Мурино, ул. Парковая, д. 1, лит. А, корп. 2;25.8;ok;fallback:ok
